version,np,E
V4 MPI+CUDA,1,1.0
V4 MPI+CUDA,2,0.5054440643118094
V1 Serial,1,1.0
V2.2 ScatterHalo,2,0.8038482738521386
V2.1 BroadcastAll,2,0.4782142730692029
V3 CUDA,1,1.0
V4 MPI+CUDA,4,0.18277890369233352
V2.1 BroadcastAll,1,1.0
V2.2 ScatterHalo,4,0.6812700015034687
V2.2 ScatterHalo,1,1.0
V2.1 BroadcastAll,4,0.22132035041280645
