version,np,S
V4 MPI+CUDA,1,1.0
V2.1 BroadcastAll,2,0.9564285461384058
V3 CUDA,1,1.0
V1 Serial,1,1.0
V2.2 ScatterHalo,2,1.6076965477042773
V4 MPI+CUDA,4,0.7311156147693341
V2.1 BroadcastAll,1,1.0
V2.2 ScatterHalo,4,2.725080006013875
V4 MPI+CUDA,2,1.0108881286236189
V2.2 ScatterHalo,1,1.0
V2.1 BroadcastAll,4,0.8852814016512258
